date,date,value,5. volume
1970-01-01 00:00:00.000000000,2025-06-01,9835.0680952381,0
1970-01-01 00:00:00.000000001,2025-05-01,9531.20090909091,0
1970-01-01 00:00:00.000000002,2025-04-01,9172.69590909091,0
1970-01-01 00:00:00.000000003,2025-03-01,9735.82333333334,0
1970-01-01 00:00:00.000000004,2025-02-01,9330.975,0
1970-01-01 00:00:00.000000005,2025-01-01,8976.68043478261,0
1970-01-01 00:00:00.000000006,2024-12-01,8909.90772727273,0
1970-01-01 00:00:00.000000007,2024-11-01,9075.72714285714,0
1970-01-01 00:00:00.000000008,2024-10-01,9533.99130434783,0
1970-01-01 00:00:00.000000009,2024-09-01,9259.12857142857,0
1970-01-01 00:00:00.000000010,2024-08-01,8981.11772727273,0
1970-01-01 00:00:00.000000011,2024-07-01,9385.31304347826,0
1970-01-01 00:00:00.000000012,2024-06-01,9648.167,0
1970-01-01 00:00:00.000000013,2024-05-01,10117.1634782609,0
1970-01-01 00:00:00.000000014,2024-04-01,9445.59363636363,0
1970-01-01 00:00:00.000000015,2024-03-01,8692.81904761905,0
1970-01-01 00:00:00.000000016,2024-02-01,8304.95047619048,0
1970-01-01 00:00:00.000000017,2024-01-01,8351.33956521739,0
1970-01-01 00:00:00.000000018,2023-12-01,8407.90047619048,0
1970-01-01 00:00:00.000000019,2023-11-01,8189.58772727273,0
1970-01-01 00:00:00.000000020,2023-10-01,7941.35590909091,0
1970-01-01 00:00:00.000000021,2023-09-01,8276.71380952381,0
1970-01-01 00:00:00.000000022,2023-08-01,8347.82826086957,0
1970-01-01 00:00:00.000000023,2023-07-01,8476.67904761905,0
1970-01-01 00:00:00.000000024,2023-06-01,8396.51772727273,0
1970-01-01 00:00:00.000000025,2023-05-01,8243.15608695652,0
1970-01-01 00:00:00.000000026,2023-04-01,8809.1575,0
1970-01-01 00:00:00.000000027,2023-03-01,8856.31086956522,0
1970-01-01 00:00:00.000000028,2023-02-01,8936.587,0
1970-01-01 00:00:00.000000029,2023-01-01,9007.34636363636,0
1970-01-01 00:00:00.000000030,2022-12-01,8371.09136363636,0
1970-01-01 00:00:00.000000031,2022-11-01,8049.86136363636,0
1970-01-01 00:00:00.000000032,2022-10-01,7651.08285714286,0
1970-01-01 00:00:00.000000033,2022-09-01,7746.01136363636,0
1970-01-01 00:00:00.000000034,2022-08-01,7990.81217391304,0
1970-01-01 00:00:00.000000035,2022-07-01,7544.80952380952,0
1970-01-01 00:00:00.000000036,2022-06-01,9067.55181818182,0
1970-01-01 00:00:00.000000037,2022-05-01,9395.02727272727,0
1970-01-01 00:00:00.000000038,2022-04-01,10174.3476190476,0
1970-01-01 00:00:00.000000039,2022-03-01,10230.8939130435,0
1970-01-01 00:00:00.000000040,2022-02-01,9943.175,0
1970-01-01 00:00:00.000000041,2022-01-01,9782.3375,0
1970-01-01 00:00:00.000000042,2021-12-01,9551.18,0
1970-01-01 00:00:00.000000043,2021-11-01,9728.90454545454,0
1970-01-01 00:00:00.000000044,2021-10-01,9829.21904761905,0
1970-01-01 00:00:00.000000045,2021-09-01,9324.70954545455,0
1970-01-01 00:00:00.000000046,2021-08-01,9370.13857142857,0
1970-01-01 00:00:00.000000047,2021-07-01,9450.82045454546,0
1970-01-01 00:00:00.000000048,2021-06-01,9631.5,0
1970-01-01 00:00:00.000000049,2021-05-01,10166.285,0
1970-01-01 00:00:00.000000050,2021-04-01,9324.8175,0
1970-01-01 00:00:00.000000051,2021-03-01,8988.24782608696,0
1970-01-01 00:00:00.000000052,2021-02-01,8470.94,0
1970-01-01 00:00:00.000000053,2021-01-01,7972.1475,0
1970-01-01 00:00:00.000000054,2020-12-01,7772.2380952381,0
1970-01-01 00:00:00.000000055,2020-11-01,7068.90714285714,0
1970-01-01 00:00:00.000000056,2020-10-01,6713.81136363636,0
1970-01-01 00:00:00.000000057,2020-09-01,6704.9,0
1970-01-01 00:00:00.000000058,2020-08-01,6508.39285714286,0
1970-01-01 00:00:00.000000059,2020-07-01,6372.46086956522,0
1970-01-01 00:00:00.000000060,2020-06-01,5754.59545454546,0
1970-01-01 00:00:00.000000061,2020-05-01,5239.82631578947,0
1970-01-01 00:00:00.000000062,2020-04-01,5057.972,0
1970-01-01 00:00:00.000000063,2020-03-01,5182.63181818182,0
1970-01-01 00:00:00.000000064,2020-02-01,5687.75,0
1970-01-01 00:00:00.000000065,2020-01-01,6031.20909090909,0
1970-01-01 00:00:00.000000066,2019-12-01,6077.0625,0
1970-01-01 00:00:00.000000067,2019-11-01,5859.95238095238,0
1970-01-01 00:00:00.000000068,2019-10-01,5757.29782608696,0
1970-01-01 00:00:00.000000069,2019-09-01,5759.25,0
1970-01-01 00:00:00.000000070,2019-08-01,5709.44047619048,0
1970-01-01 00:00:00.000000071,2019-07-01,5941.19565217391,0
1970-01-01 00:00:00.000000072,2019-06-01,5882.225,0
1970-01-01 00:00:00.000000073,2019-05-01,6017.90476190476,0
1970-01-01 00:00:00.000000074,2019-04-01,6438.3625,0
1970-01-01 00:00:00.000000075,2019-03-01,6439.46428571429,0
1970-01-01 00:00:00.000000076,2019-02-01,6300.4875,0
1970-01-01 00:00:00.000000077,2019-01-01,5939.10227272727,0
1970-01-01 00:00:00.000000078,2018-12-01,6075.31578947368,0
1970-01-01 00:00:00.000000079,2018-11-01,6195.92045454545,0
1970-01-01 00:00:00.000000080,2018-10-01,6219.58695652174,0
1970-01-01 00:00:00.000000081,2018-09-01,6050.7625,0
1970-01-01 00:00:00.000000082,2018-08-01,6051.04545454545,0
1970-01-01 00:00:00.000000083,2018-07-01,6250.75,0
1970-01-01 00:00:00.000000084,2018-06-01,6965.85714285714,0
1970-01-01 00:00:00.000000085,2018-05-01,6825.27380952381,0
1970-01-01 00:00:00.000000086,2018-04-01,6851.5125,0
1970-01-01 00:00:00.000000087,2018-03-01,6799.17857142857,0
1970-01-01 00:00:00.000000088,2018-02-01,7006.525,0
1970-01-01 00:00:00.000000089,2018-01-01,7065.85227272727,0
1970-01-01 00:00:00.000000090,2017-12-01,6833.8947368421,0
1970-01-01 00:00:00.000000091,2017-11-01,6826.54545454545,0
1970-01-01 00:00:00.000000092,2017-10-01,6807.60227272727,0
1970-01-01 00:00:00.000000093,2017-09-01,6577.16666666667,0
1970-01-01 00:00:00.000000094,2017-08-01,6485.625,0
1970-01-01 00:00:00.000000095,2017-07-01,5985.11904761905,0
1970-01-01 00:00:00.000000096,2017-06-01,5719.76136363636,0
1970-01-01 00:00:00.000000097,2017-05-01,5599.55952380952,0
1970-01-01 00:00:00.000000098,2017-04-01,5683.90277777778,0
1970-01-01 00:00:00.000000099,2017-03-01,5824.63043478261,0
1970-01-01 00:00:00.000000100,2017-02-01,5940.9125,0
1970-01-01 00:00:00.000000101,2017-01-01,5754.55952380952,0
1970-01-01 00:00:00.000000102,2016-12-01,5660.35,0
1970-01-01 00:00:00.000000103,2016-11-01,5450.93181818182,0
1970-01-01 00:00:00.000000104,2016-10-01,4731.2619047619,0
1970-01-01 00:00:00.000000105,2016-09-01,4722.20454545455,0
1970-01-01 00:00:00.000000106,2016-08-01,4751.67045454545,0
1970-01-01 00:00:00.000000107,2016-07-01,4864.90476190476,0
1970-01-01 00:00:00.000000108,2016-06-01,4641.96590909091,0
1970-01-01 00:00:00.000000109,2016-05-01,4694.5375,0
1970-01-01 00:00:00.000000110,2016-04-01,4872.7380952381,0
1970-01-01 00:00:00.000000111,2016-03-01,4953.79761904762,0
1970-01-01 00:00:00.000000112,2016-02-01,4598.61904761905,0
1970-01-01 00:00:00.000000113,2016-01-01,4471.7875,0
1970-01-01 00:00:00.000000114,2015-12-01,4638.83333333333,0
1970-01-01 00:00:00.000000115,2015-11-01,4799.90476190476,0
1970-01-01 00:00:00.000000116,2015-10-01,5216.09090909091,0
1970-01-01 00:00:00.000000117,2015-09-01,5217.25,0
1970-01-01 00:00:00.000000118,2015-08-01,5127.3,0
1970-01-01 00:00:00.000000119,2015-07-01,5456.75,0
1970-01-01 00:00:00.000000120,2015-06-01,5833.01136363636,0
1970-01-01 00:00:00.000000121,2015-05-01,6294.77631578947,0
1970-01-01 00:00:00.000000122,2015-04-01,6042.0875,0
1970-01-01 00:00:00.000000123,2015-03-01,5939.67045454545,0
1970-01-01 00:00:00.000000124,2015-02-01,5729.275,0
1970-01-01 00:00:00.000000125,2015-01-01,5830.53571428571,0
1970-01-01 00:00:00.000000126,2014-12-01,6446.45238095238,0
1970-01-01 00:00:00.000000127,2014-11-01,6712.85,0
1970-01-01 00:00:00.000000128,2014-10-01,6737.47826086957,0
1970-01-01 00:00:00.000000129,2014-09-01,6872.21590909091,0
1970-01-01 00:00:00.000000130,2014-08-01,7001.8375,0
1970-01-01 00:00:00.000000131,2014-07-01,7113.38043478261,0
1970-01-01 00:00:00.000000132,2014-06-01,6821.14285714286,0
1970-01-01 00:00:00.000000133,2014-05-01,6891.125,0
1970-01-01 00:00:00.000000134,2014-04-01,6673.5625,0
1970-01-01 00:00:00.000000135,2014-03-01,6650.03571428571,0
1970-01-01 00:00:00.000000136,2014-02-01,7149.2125,0
1970-01-01 00:00:00.000000137,2014-01-01,7291.46590909091,0
1970-01-01 00:00:00.000000138,2013-12-01,7214.9,0
1970-01-01 00:00:00.000000139,2013-11-01,7070.65476190476,0
1970-01-01 00:00:00.000000140,2013-10-01,7203.02173913043,0
1970-01-01 00:00:00.000000141,2013-09-01,7159.26904761905,0
1970-01-01 00:00:00.000000142,2013-08-01,7186.25,0
1970-01-01 00:00:00.000000143,2013-07-01,6906.64130434783,0
1970-01-01 00:00:00.000000144,2013-06-01,7000.2375,0
1970-01-01 00:00:00.000000145,2013-05-01,7248.71428571429,0
1970-01-01 00:00:00.000000146,2013-04-01,7221.1619047619,0
1970-01-01 00:00:00.000000147,2013-03-01,7652.375,0
1970-01-01 00:00:00.000000148,2013-02-01,8060.925,0
1970-01-01 00:00:00.000000149,2013-01-01,8053.73863636364,0
1970-01-01 00:00:00.000000150,2012-12-01,7966.48684210526,0
1970-01-01 00:00:00.000000151,2012-11-01,7711.22727272727,0
1970-01-01 00:00:00.000000152,2012-10-01,8062.03260869565,0
1970-01-01 00:00:00.000000153,2012-09-01,8087.7425,0
1970-01-01 00:00:00.000000154,2012-08-01,7510.43181818182,0
1970-01-01 00:00:00.000000155,2012-07-01,7584.26136363636,0
1970-01-01 00:00:00.000000156,2012-06-01,7428.28947368421,0
1970-01-01 00:00:00.000000157,2012-05-01,7896.90909090909,0
1970-01-01 00:00:00.000000158,2012-04-01,8285.52631578947,0
1970-01-01 00:00:00.000000159,2012-03-01,8470.78409090909,0
1970-01-01 00:00:00.000000160,2012-02-01,8441.4880952381,0
1970-01-01 00:00:00.000000161,2012-01-01,8061.91666666667,0
1970-01-01 00:00:00.000000162,2011-12-01,7558.875,0
1970-01-01 00:00:00.000000163,2011-11-01,7581.02272727273,0
1970-01-01 00:00:00.000000164,2011-10-01,7394.19047619048,0
1970-01-01 00:00:00.000000165,2011-09-01,8300.13636363636,0
1970-01-01 00:00:00.000000166,2011-08-01,8997.98863636364,0
1970-01-01 00:00:00.000000167,2011-07-01,9650.46428571429,0
1970-01-01 00:00:00.000000168,2011-06-01,9066.85227272727,0
1970-01-01 00:00:00.000000169,2011-05-01,8931.675,0
1970-01-01 00:00:00.000000170,2011-04-01,9482.75,0
1970-01-01 00:00:00.000000171,2011-03-01,9503.35869565217,0
1970-01-01 00:00:00.000000172,2011-02-01,9880.9375,0
1970-01-01 00:00:00.000000173,2011-01-01,9533.2,0
1970-01-01 00:00:00.000000174,2010-12-01,9152.85714285714,0
1970-01-01 00:00:00.000000175,2010-11-01,8458.42045454545,0
1970-01-01 00:00:00.000000176,2010-10-01,8289.7619047619,0
1970-01-01 00:00:00.000000177,2010-09-01,7729.59090909091,0
1970-01-01 00:00:00.000000178,2010-08-01,7302.66666666667,0
1970-01-01 00:00:00.000000179,2010-07-01,6750.56818181818,0
1970-01-01 00:00:00.000000180,2010-06-01,6501.5,0
1970-01-01 00:00:00.000000181,2010-05-01,6843.15789473684,0
1970-01-01 00:00:00.000000182,2010-04-01,7729.8375,0
1970-01-01 00:00:00.000000183,2010-03-01,7466.9347826087,0
1970-01-01 00:00:00.000000184,2010-02-01,6867.675,0
1970-01-01 00:00:00.000000185,2010-01-01,7367.375,0
1970-01-01 00:00:00.000000186,2009-12-01,6976.97619047619,0
1970-01-01 00:00:00.000000187,2009-11-01,6682.44047619048,0
1970-01-01 00:00:00.000000188,2009-10-01,6305.98863636364,0
1970-01-01 00:00:00.000000189,2009-09-01,6195.75,0
1970-01-01 00:00:00.000000190,2009-08-01,6176.875,0
1970-01-01 00:00:00.000000191,2009-07-01,5228.41304347826,0
1970-01-01 00:00:00.000000192,2009-06-01,5015.43181818182,0
1970-01-01 00:00:00.000000193,2009-05-01,4591.46052631579,0
1970-01-01 00:00:00.000000194,2009-04-01,4436.925,0
1970-01-01 00:00:00.000000195,2009-03-01,3770.875,0
1970-01-01 00:00:00.000000196,2009-02-01,3328.4125,0
1970-01-01 00:00:00.000000197,2009-01-01,3260.35714285714,0
1970-01-01 00:00:00.000000198,2008-12-01,3105.09523809524,0
1970-01-01 00:00:00.000000199,2008-11-01,3729.1875,0
1970-01-01 00:00:00.000000200,2008-10-01,4894.89130434783,0
1970-01-01 00:00:00.000000201,2008-09-01,6975.11363636364,0
1970-01-01 00:00:00.000000202,2008-08-01,7633.8,0
1970-01-01 00:00:00.000000203,2008-07-01,8407.02173913043,0
1970-01-01 00:00:00.000000204,2008-06-01,8292,0
1970-01-01 00:00:00.000000205,2008-05-01,8356.125,0
1970-01-01 00:00:00.000000206,2008-04-01,8714.18181818182,0
1970-01-01 00:00:00.000000207,2008-03-01,8434.31578947368,0
1970-01-01 00:00:00.000000208,2008-02-01,7941.14285714286,0
1970-01-01 00:00:00.000000209,2008-01-01,7078.90909090909,0
1970-01-01 00:00:00.000000210,2007-12-01,6630.73611111111,0
1970-01-01 00:00:00.000000211,2007-11-01,6957.43181818182,0
1970-01-01 00:00:00.000000212,2007-10-01,8020.58695652174,0
1970-01-01 00:00:00.000000213,2007-09-01,7671.35,0
1970-01-01 00:00:00.000000214,2007-08-01,7500.20454545455,0
1970-01-01 00:00:00.000000215,2007-07-01,7980.93181818182,0
1970-01-01 00:00:00.000000216,2007-06-01,7514.2380952381,0
1970-01-01 00:00:00.000000217,2007-05-01,7677.95238095238,0
1970-01-01 00:00:00.000000218,2007-04-01,7753.34210526316,0
1970-01-01 00:00:00.000000219,2007-03-01,6465.29545454545,0
1970-01-01 00:00:00.000000220,2007-02-01,5718.15,0
1970-01-01 00:00:00.000000221,2007-01-01,5689.34090909091,0
1970-01-01 00:00:00.000000222,2006-12-01,6680.97368421053,0
1970-01-01 00:00:00.000000223,2006-11-01,7029.29545454545,0
1970-01-01 00:00:00.000000224,2006-10-01,7497.40909090909,0
1970-01-01 00:00:00.000000225,2006-09-01,7622.64285714286,0
1970-01-01 00:00:00.000000226,2006-08-01,7690.25,0
1970-01-01 00:00:00.000000227,2006-07-01,7726.7380952381,0
1970-01-01 00:00:00.000000228,2006-06-01,7222.77272727273,0
1970-01-01 00:00:00.000000229,2006-05-01,8059.19047619048,0
1970-01-01 00:00:00.000000230,2006-04-01,6404.44444444444,0
1970-01-01 00:00:00.000000231,2006-03-01,5123.67391304348,0
1970-01-01 00:00:00.000000232,2006-02-01,4974.975,0
1970-01-01 00:00:00.000000233,2006-01-01,4743.85714285714,0
1970-01-01 00:00:00.000000234,2005-12-01,4577.025,0
1970-01-01 00:00:00.000000235,2005-11-01,4278.15909090909,0
1970-01-01 00:00:00.000000236,2005-10-01,4056.16666666667,0
1970-01-01 00:00:00.000000237,2005-09-01,3850.65909090909,0
1970-01-01 00:00:00.000000238,2005-08-01,3791.90909090909,0
1970-01-01 00:00:00.000000239,2005-07-01,3608.47619047619,0
1970-01-01 00:00:00.000000240,2005-06-01,3529.72727272727,0
1970-01-01 00:00:00.000000241,2005-05-01,3241.9,0
1970-01-01 00:00:00.000000242,2005-04-01,3389.80952380952,0
1970-01-01 00:00:00.000000243,2005-03-01,3378.90476190476,0
1970-01-01 00:00:00.000000244,2005-02-01,3247.1,0
1970-01-01 00:00:00.000000245,2005-01-01,3168.1,0
1970-01-01 00:00:00.000000246,2004-12-01,3139.78571428571,0
1970-01-01 00:00:00.000000247,2004-11-01,3130.30909090909,0
1970-01-01 00:00:00.000000248,2004-10-01,3009.40476190476,0
1970-01-01 00:00:00.000000249,2004-09-01,2903.17045454545,0
1970-01-01 00:00:00.000000250,2004-08-01,2844.20238095238,0
1970-01-01 00:00:00.000000251,2004-07-01,2816.79545454545,0
1970-01-01 00:00:00.000000252,2004-06-01,2689.04545454545,0
1970-01-01 00:00:00.000000253,2004-05-01,2728.46052631579,0
1970-01-01 00:00:00.000000254,2004-04-01,2926.975,0
1970-01-01 00:00:00.000000255,2004-03-01,3000.28260869565,0
1970-01-01 00:00:00.000000256,2004-02-01,2751.7175,0
1970-01-01 00:00:00.000000257,2004-01-01,2421.47619047619,0
1970-01-01 00:00:00.000000258,2003-12-01,2202.03571428571,0
1970-01-01 00:00:00.000000259,2003-11-01,2053.275,0
1970-01-01 00:00:00.000000260,2003-10-01,1925.58260869565,0
1970-01-01 00:00:00.000000261,2003-09-01,1789.67045454545,0
1970-01-01 00:00:00.000000262,2003-08-01,1756.725,0
1970-01-01 00:00:00.000000263,2003-07-01,1712.82608695652,0
1970-01-01 00:00:00.000000264,2003-06-01,1685.10714285714,0
1970-01-01 00:00:00.000000265,2003-05-01,1651.1,0
1970-01-01 00:00:00.000000266,2003-04-01,1587.8675,0
1970-01-01 00:00:00.000000267,2003-03-01,1655.69285714286,0
1970-01-01 00:00:00.000000268,2003-02-01,1682.145,0
1970-01-01 00:00:00.000000269,2003-01-01,1650.31136363636,0
1970-01-01 00:00:00.000000270,2002-12-01,1592.96428571429,0
1970-01-01 00:00:00.000000271,2002-11-01,1581.03571428571,0
1970-01-01 00:00:00.000000272,2002-10-01,1486.17173913043,0
1970-01-01 00:00:00.000000273,2002-09-01,1478.93333333333,0
1970-01-01 00:00:00.000000274,2002-08-01,1482.91666666667,0
1970-01-01 00:00:00.000000275,2002-07-01,1588.2847826087,0
1970-01-01 00:00:00.000000276,2002-06-01,1650.59444444444,0
1970-01-01 00:00:00.000000277,2002-05-01,1597.02272727273,0
1970-01-01 00:00:00.000000278,2002-04-01,1588.57142857143,0
1970-01-01 00:00:00.000000279,2002-03-01,1607.3925,0
1970-01-01 00:00:00.000000280,2002-02-01,1561.3675,0
1970-01-01 00:00:00.000000281,2002-01-01,1508.22727272727,0
1970-01-01 00:00:00.000000282,2001-12-01,1472.84705882353,0
1970-01-01 00:00:00.000000283,2001-11-01,1434.29318181818,0
1970-01-01 00:00:00.000000284,2001-10-01,1377.37608695652,0
1970-01-01 00:00:00.000000285,2001-09-01,1427.69736842105,0
1970-01-01 00:00:00.000000286,2001-08-01,1466.41136363636,0
1970-01-01 00:00:00.000000287,2001-07-01,1526.77045454545,0
1970-01-01 00:00:00.000000288,2001-06-01,1610.46904761905,0
1970-01-01 00:00:00.000000289,2001-05-01,1684.85,0
1970-01-01 00:00:00.000000290,2001-04-01,1665.97222222222,0
1970-01-01 00:00:00.000000291,2001-03-01,1742.15909090909,0
1970-01-01 00:00:00.000000292,2001-02-01,1766.125,0
1970-01-01 00:00:00.000000293,2001-01-01,1787.05681818182,0
1970-01-01 00:00:00.000000294,2000-12-01,1852.4,0
1970-01-01 00:00:00.000000295,2000-11-01,1795.60227272727,0
1970-01-01 00:00:00.000000296,2000-10-01,1894.37272727273,0
1970-01-01 00:00:00.000000297,2000-09-01,1961.89285714286,0
1970-01-01 00:00:00.000000298,2000-08-01,1857.12391304348,0
1970-01-01 00:00:00.000000299,2000-07-01,1803.14285714286,0
1970-01-01 00:00:00.000000300,2000-06-01,1752.07272727273,0
1970-01-01 00:00:00.000000301,2000-05-01,1785.09782608696,0
1970-01-01 00:00:00.000000302,2000-04-01,1681.9075,0
1970-01-01 00:00:00.000000303,2000-03-01,1739.8,0
1970-01-01 00:00:00.000000304,2000-02-01,1807.025,0
1970-01-01 00:00:00.000000305,2000-01-01,1843.85,0
1970-01-01 00:00:00.000000306,1999-12-01,1764.88235294118,0
1970-01-01 00:00:00.000000307,1999-11-01,1726.77272727273,0
1970-01-01 00:00:00.000000308,1999-10-01,1723.28571428571,0
1970-01-01 00:00:00.000000309,1999-09-01,1749.68181818182,0
1970-01-01 00:00:00.000000310,1999-08-01,1646.7380952381,0
1970-01-01 00:00:00.000000311,1999-07-01,1639.18181818182,0
1970-01-01 00:00:00.000000312,1999-06-01,1422.15909090909,0
1970-01-01 00:00:00.000000313,1999-05-01,1510.44736842105,0
1970-01-01 00:00:00.000000314,1999-04-01,1463.725,0
1970-01-01 00:00:00.000000315,1999-03-01,1378.47727272727,0
1970-01-01 00:00:00.000000316,1999-02-01,1412.95,0
1970-01-01 00:00:00.000000317,1999-01-01,1432.00002842255,0
1970-01-01 00:00:00.000000318,1998-12-01,1475.76309447174,0
1970-01-01 00:00:00.000000319,1998-11-01,1573.72497511139,0
1970-01-01 00:00:00.000000320,1998-10-01,1585.49992534637,0
1970-01-01 00:00:00.000000321,1998-09-01,1646.77269191284,0
1970-01-01 00:00:00.000000322,1998-08-01,1619.92507875671,0
1970-01-01 00:00:00.000000323,1998-07-01,1655.66672697449,0
1970-01-01 00:00:00.000000324,1998-06-01,1656.59518632507,0
1970-01-01 00:00:00.000000325,1998-05-01,1731.65792903595,0
1970-01-01 00:00:00.000000326,1998-04-01,1800.12507817535,0
1970-01-01 00:00:00.000000327,1998-03-01,1747.15916341095,0
1970-01-01 00:00:00.000000328,1998-02-01,1663.99998604431,0
1970-01-01 00:00:00.000000329,1998-01-01,1687.60000986328,0
1970-01-01 00:00:00.000000330,1997-12-01,1761.45239143524,0
1970-01-01 00:00:00.000000331,1997-11-01,1918.49994499359,0
1970-01-01 00:00:00.000000332,1997-10-01,2050.6955684021,0
1970-01-01 00:00:00.000000333,1997-09-01,2104.30955452118,0
1970-01-01 00:00:00.000000334,1997-08-01,2250.10004305115,0
1970-01-01 00:00:00.000000335,1997-07-01,2449.19570404663,0
1970-01-01 00:00:00.000000336,1997-06-01,2611.28570015411,0
1970-01-01 00:00:00.000000337,1997-05-01,2513.29993523407,0
1970-01-01 00:00:00.000000338,1997-04-01,2389.31814949341,0
1970-01-01 00:00:00.000000339,1997-03-01,2420.1842087265,0
1970-01-01 00:00:00.000000340,1997-02-01,2406.63156159363,0
1970-01-01 00:00:00.000000341,1997-01-01,2427.27279402924,0
1970-01-01 00:00:00.000000342,1996-12-01,2264.59527826385,0
1970-01-01 00:00:00.000000343,1996-11-01,2215.42864607391,0
1970-01-01 00:00:00.000000344,1996-10-01,1960.19567519531,0
1970-01-01 00:00:00.000000345,1996-09-01,1935.07143060913,0
1970-01-01 00:00:00.000000346,1996-08-01,2017.85720584564,0
1970-01-01 00:00:00.000000347,1996-07-01,1983.93479971771,0
1970-01-01 00:00:00.000000348,1996-06-01,2177.59998270721,0
1970-01-01 00:00:00.000000349,1996-05-01,2658.76193080902,0
1970-01-01 00:00:00.000000350,1996-04-01,2594.17496803894,0
1970-01-01 00:00:00.000000351,1996-03-01,2563.34994940033,0
1970-01-01 00:00:00.000000352,1996-02-01,2544.66672335968,0
1970-01-01 00:00:00.000000353,1996-01-01,2604.99992943115,0
1970-01-01 00:00:00.000000354,1995-12-01,2918.21064537659,0
1970-01-01 00:00:00.000000355,1995-11-01,2981.61903664856,0
1970-01-01 00:00:00.000000356,1995-10-01,2810.06817431793,0
1970-01-01 00:00:00.000000357,1995-09-01,2910.42504276428,0
1970-01-01 00:00:00.000000358,1995-08-01,3040.13619641418,0
1970-01-01 00:00:00.000000359,1995-07-01,3076.4500581665,0
1970-01-01 00:00:00.000000360,1995-06-01,2987.68194348755,0
1970-01-01 00:00:00.000000361,1995-05-01,2771.57125569763,0
1970-01-01 00:00:00.000000362,1995-04-01,2894.88882296448,0
1970-01-01 00:00:00.000000363,1995-03-01,2919.67397804871,0
1970-01-01 00:00:00.000000364,1995-02-01,2870.45015814514,0
1970-01-01 00:00:00.000000365,1995-01-01,3003.26189506836,0
1970-01-01 00:00:00.000000366,1994-12-01,2980.69999645081,0
1970-01-01 00:00:00.000000367,1994-11-01,2803.54541098175,0
1970-01-01 00:00:00.000000368,1994-10-01,2546.02375416412,0
1970-01-01 00:00:00.000000369,1994-09-01,2504.84103139343,0
1970-01-01 00:00:00.000000370,1994-08-01,2409.74997397766,0
1970-01-01 00:00:00.000000371,1994-07-01,2447.23803404999,0
1970-01-01 00:00:00.000000372,1994-06-01,2363.09102303009,0
1970-01-01 00:00:00.000000373,1994-05-01,2144.50007046051,0
1970-01-01 00:00:00.000000374,1994-04-01,1881.36846713562,0
1970-01-01 00:00:00.000000375,1994-03-01,1913.17391866455,0
1970-01-01 00:00:00.000000376,1994-02-01,1865.07501472778,0
1970-01-01 00:00:00.000000377,1994-01-01,1807.07136699066,0
1970-01-01 00:00:00.000000378,1993-12-01,1723.6250736618,0
1970-01-01 00:00:00.000000379,1993-11-01,1632.56810484467,0
1970-01-01 00:00:00.000000380,1993-10-01,1646.99992897491,0
1970-01-01 00:00:00.000000381,1993-09-01,1858.24999750519,0
1970-01-01 00:00:00.000000382,1993-08-01,1951.07137548676,0
1970-01-01 00:00:00.000000383,1993-07-01,1927.33981992645,0
1970-01-01 00:00:00.000000384,1993-06-01,1857.87070840454,0
1970-01-01 00:00:00.000000385,1993-05-01,1799.35169844818,0
1970-01-01 00:00:00.000000386,1993-04-01,1953.62060192108,0
1970-01-01 00:00:00.000000387,1993-03-01,2152.38020099945,0
1970-01-01 00:00:00.000000388,1993-02-01,2212.18139313507,0
1970-01-01 00:00:00.000000389,1993-01-01,2264.21397077332,0
1970-01-01 00:00:00.000000390,1992-12-01,2211.95028749237,0
1970-01-01 00:00:00.000000391,1992-11-01,2161.78909368286,0
1970-01-01 00:00:00.000000392,1992-10-01,2262.45696237183,0
1970-01-01 00:00:00.000000393,1992-09-01,2419.61418178101,0
1970-01-01 00:00:00.000000394,1992-08-01,2513.46998458252,0
1970-01-01 00:00:00.000000395,1992-07-01,2527.28502240143,0
1970-01-01 00:00:00.000000396,1992-06-01,2296.44193858643,0
1970-01-01 00:00:00.000000397,1992-05-01,2219.31505581207,0
1970-01-01 00:00:00.000000398,1992-04-01,2214.16681599274,0
1970-01-01 00:00:00.000000399,1992-03-01,2231.78550956421,0
1970-01-01 00:00:00.000000400,1992-02-01,2208.89225860596,0
1970-01-01 00:00:00.000000401,1992-01-01,2150.57962901611,0
1970-01-01 00:00:00.000000402,1991-12-01,2205.91849749756,0
1970-01-01 00:00:00.000000403,1991-11-01,2375.66037788696,0
1970-01-01 00:00:00.000000404,1991-10-01,2360.64557547607,0
1970-01-01 00:00:00.000000405,1991-09-01,2318.58300291138,0
1970-01-01 00:00:00.000000406,1991-08-01,2236.18677692413,0
1970-01-01 00:00:00.000000407,1991-07-01,2231.25534581909,0
1970-01-01 00:00:00.000000408,1991-06-01,2218.06802725677,0
1970-01-01 00:00:00.000000409,1991-05-01,2340.4246727356,0
1970-01-01 00:00:00.000000410,1991-04-01,2471.37932275848,0
1970-01-01 00:00:00.000000411,1991-03-01,2409.64939088135,0
1970-01-01 00:00:00.000000412,1991-02-01,2447.1282,0
1970-01-01 00:00:00.000000413,1991-01-01,2447.1282,0
1970-01-01 00:00:00.000000414,1990-12-01,2484.60700911865,0
1970-01-01 00:00:00.000000415,1990-11-01,2583.81490911865,0
1970-01-01 00:00:00.000000416,1990-10-01,2742.54697724152,0
1970-01-01 00:00:00.000000417,1990-09-01,3040.17084544067,0
1970-01-01 00:00:00.000000418,1990-08-01,2956.39555455933,0
1970-01-01 00:00:00.000000419,1990-07-01,2769.00302275848,0
1970-01-01 00:00:00.000000420,1990-06-01,2583.81490911865,0
1970-01-01 00:00:00.000000421,1990-05-01,2740.34239088135,0
1970-01-01 00:00:00.000000422,1990-04-01,2685.22689088135,0
1970-01-01 00:00:00.000000423,1990-03-01,2625.70272275848,0
1970-01-01 00:00:00.000000424,1990-02-01,2358.9434,0
1970-01-01 00:00:00.000000425,1990-01-01,2365.55699088135,0
1970-01-01 00:00:00.000000426,1989-12-01,.,0
1970-01-01 00:00:00.000000427,1989-11-01,.,0
1970-01-01 00:00:00.000000428,1989-10-01,.,0
1970-01-01 00:00:00.000000429,1989-09-01,.,0
1970-01-01 00:00:00.000000430,1989-08-01,.,0
1970-01-01 00:00:00.000000431,1989-07-01,.,0
1970-01-01 00:00:00.000000432,1989-06-01,.,0
1970-01-01 00:00:00.000000433,1989-05-01,.,0
1970-01-01 00:00:00.000000434,1989-04-01,.,0
1970-01-01 00:00:00.000000435,1989-03-01,.,0
1970-01-01 00:00:00.000000436,1989-02-01,.,0
1970-01-01 00:00:00.000000437,1989-01-01,.,0
1970-01-01 00:00:00.000000438,1988-12-01,.,0
1970-01-01 00:00:00.000000439,1988-11-01,.,0
1970-01-01 00:00:00.000000440,1988-10-01,.,0
1970-01-01 00:00:00.000000441,1988-09-01,.,0
1970-01-01 00:00:00.000000442,1988-08-01,.,0
1970-01-01 00:00:00.000000443,1988-07-01,.,0
1970-01-01 00:00:00.000000444,1988-06-01,.,0
1970-01-01 00:00:00.000000445,1988-05-01,.,0
1970-01-01 00:00:00.000000446,1988-04-01,.,0
1970-01-01 00:00:00.000000447,1988-03-01,.,0
1970-01-01 00:00:00.000000448,1988-02-01,.,0
1970-01-01 00:00:00.000000449,1988-01-01,.,0
1970-01-01 00:00:00.000000450,1987-12-01,.,0
1970-01-01 00:00:00.000000451,1987-11-01,.,0
1970-01-01 00:00:00.000000452,1987-10-01,.,0
1970-01-01 00:00:00.000000453,1987-09-01,.,0
1970-01-01 00:00:00.000000454,1987-08-01,.,0
1970-01-01 00:00:00.000000455,1987-07-01,.,0
1970-01-01 00:00:00.000000456,1987-06-01,.,0
1970-01-01 00:00:00.000000457,1987-05-01,.,0
1970-01-01 00:00:00.000000458,1987-04-01,.,0
1970-01-01 00:00:00.000000459,1987-03-01,.,0
1970-01-01 00:00:00.000000460,1987-02-01,.,0
1970-01-01 00:00:00.000000461,1987-01-01,.,0
1970-01-01 00:00:00.000000462,1986-12-01,.,0
1970-01-01 00:00:00.000000463,1986-11-01,.,0
1970-01-01 00:00:00.000000464,1986-10-01,.,0
1970-01-01 00:00:00.000000465,1986-09-01,.,0
1970-01-01 00:00:00.000000466,1986-08-01,.,0
1970-01-01 00:00:00.000000467,1986-07-01,.,0
1970-01-01 00:00:00.000000468,1986-06-01,.,0
1970-01-01 00:00:00.000000469,1986-05-01,.,0
1970-01-01 00:00:00.000000470,1986-04-01,.,0
1970-01-01 00:00:00.000000471,1986-03-01,.,0
1970-01-01 00:00:00.000000472,1986-02-01,.,0
1970-01-01 00:00:00.000000473,1986-01-01,.,0
1970-01-01 00:00:00.000000474,1985-12-01,.,0
1970-01-01 00:00:00.000000475,1985-11-01,.,0
1970-01-01 00:00:00.000000476,1985-10-01,.,0
1970-01-01 00:00:00.000000477,1985-09-01,.,0
1970-01-01 00:00:00.000000478,1985-08-01,.,0
1970-01-01 00:00:00.000000479,1985-07-01,.,0
1970-01-01 00:00:00.000000480,1985-06-01,.,0
1970-01-01 00:00:00.000000481,1985-05-01,.,0
1970-01-01 00:00:00.000000482,1985-04-01,.,0
1970-01-01 00:00:00.000000483,1985-03-01,.,0
1970-01-01 00:00:00.000000484,1985-02-01,.,0
1970-01-01 00:00:00.000000485,1985-01-01,.,0
1970-01-01 00:00:00.000000486,1984-12-01,.,0
1970-01-01 00:00:00.000000487,1984-11-01,.,0
1970-01-01 00:00:00.000000488,1984-10-01,.,0
1970-01-01 00:00:00.000000489,1984-09-01,.,0
1970-01-01 00:00:00.000000490,1984-08-01,.,0
1970-01-01 00:00:00.000000491,1984-07-01,.,0
1970-01-01 00:00:00.000000492,1984-06-01,.,0
1970-01-01 00:00:00.000000493,1984-05-01,.,0
1970-01-01 00:00:00.000000494,1984-04-01,.,0
1970-01-01 00:00:00.000000495,1984-03-01,.,0
1970-01-01 00:00:00.000000496,1984-02-01,.,0
1970-01-01 00:00:00.000000497,1984-01-01,.,0
1970-01-01 00:00:00.000000498,1983-12-01,.,0
1970-01-01 00:00:00.000000499,1983-11-01,.,0
1970-01-01 00:00:00.000000500,1983-10-01,.,0
1970-01-01 00:00:00.000000501,1983-09-01,.,0
1970-01-01 00:00:00.000000502,1983-08-01,.,0
1970-01-01 00:00:00.000000503,1983-07-01,.,0
1970-01-01 00:00:00.000000504,1983-06-01,.,0
1970-01-01 00:00:00.000000505,1983-05-01,.,0
1970-01-01 00:00:00.000000506,1983-04-01,.,0
1970-01-01 00:00:00.000000507,1983-03-01,.,0
1970-01-01 00:00:00.000000508,1983-02-01,.,0
1970-01-01 00:00:00.000000509,1983-01-01,.,0
1970-01-01 00:00:00.000000510,1982-12-01,.,0
1970-01-01 00:00:00.000000511,1982-11-01,.,0
1970-01-01 00:00:00.000000512,1982-10-01,.,0
1970-01-01 00:00:00.000000513,1982-09-01,.,0
1970-01-01 00:00:00.000000514,1982-08-01,.,0
1970-01-01 00:00:00.000000515,1982-07-01,.,0
1970-01-01 00:00:00.000000516,1982-06-01,.,0
1970-01-01 00:00:00.000000517,1982-05-01,.,0
1970-01-01 00:00:00.000000518,1982-04-01,.,0
1970-01-01 00:00:00.000000519,1982-03-01,.,0
1970-01-01 00:00:00.000000520,1982-02-01,.,0
1970-01-01 00:00:00.000000521,1982-01-01,.,0
1970-01-01 00:00:00.000000522,1981-12-01,.,0
1970-01-01 00:00:00.000000523,1981-11-01,.,0
1970-01-01 00:00:00.000000524,1981-10-01,.,0
1970-01-01 00:00:00.000000525,1981-09-01,.,0
1970-01-01 00:00:00.000000526,1981-08-01,.,0
1970-01-01 00:00:00.000000527,1981-07-01,.,0
1970-01-01 00:00:00.000000528,1981-06-01,.,0
1970-01-01 00:00:00.000000529,1981-05-01,.,0
1970-01-01 00:00:00.000000530,1981-04-01,.,0
1970-01-01 00:00:00.000000531,1981-03-01,.,0
1970-01-01 00:00:00.000000532,1981-02-01,.,0
1970-01-01 00:00:00.000000533,1981-01-01,.,0
1970-01-01 00:00:00.000000534,1980-12-01,.,0
1970-01-01 00:00:00.000000535,1980-11-01,.,0
1970-01-01 00:00:00.000000536,1980-10-01,.,0
1970-01-01 00:00:00.000000537,1980-09-01,.,0
1970-01-01 00:00:00.000000538,1980-08-01,.,0
1970-01-01 00:00:00.000000539,1980-07-01,.,0
1970-01-01 00:00:00.000000540,1980-06-01,.,0
1970-01-01 00:00:00.000000541,1980-05-01,.,0
1970-01-01 00:00:00.000000542,1980-04-01,.,0
1970-01-01 00:00:00.000000543,1980-03-01,.,0
1970-01-01 00:00:00.000000544,1980-02-01,.,0
1970-01-01 00:00:00.000000545,1980-01-01,.,0
